study,es,hat,rstudent,cook_d,comparison
5,-2.276143864860633,0.0038227515338909437,-1.6279142655704322,0.009772557195203108,Strong Synergy
5,-1.7126375414342916,0.003825734902319864,-1.1032232143449483,0.004774801787642154,Strong Synergy
5,-1.5903125288194788,0.0038257471231735877,-0.9891878679790537,0.003907294806537809,Strong Synergy
5,-2.03357868775992,0.003823909829336974,-1.4020845580501256,0.007417156257098217,Strong Synergy
5,-2.0301566055490707,0.003810034468018129,-1.3963547911517,0.007397419999577107,Strong Synergy
5,-1.9492304838927337,0.003811249775231324,-1.321277430683861,0.006658643066908674,Strong Synergy
5,-1.3980523190046077,0.0038144759041281256,-0.8087598895561026,0.0026244651779402588,Strong Synergy
5,-2.1392387350587727,0.003809675605369345,-1.4977666795728026,0.008453833599891436,Strong Synergy
5,-1.3326274929610975,0.003821104407164409,-0.7485072161028211,0.0023015867104980254,Strong Synergy
5,-1.3149855015584926,0.0038210118070454973,-0.732061637010833,0.0022074180945834488,Strong Synergy
5,-1.3800102447899063,0.0038208926366670674,-0.7926308615575937,0.0025602011228618095,Strong Synergy
5,-1.6316880849805464,0.003819295964617304,-1.026893205298945,0.004148856364329115,Strong Synergy
6,0.8449103013992143,0.0038037269862370615,1.277348947611944,0.006510102130357763,Strong Synergy
6,0.7566555480850713,0.0038037868423205444,1.1953202565580467,0.005670683080711836,Strong Synergy
6,0.5936463712645718,0.0038050138578925633,1.043960578695277,0.004284035386202144,Strong Synergy
6,1.041458462168854,0.003802406546104116,1.4597988262415378,0.008581249528545058,Strong Synergy
7,-1.414063728766521,0.0034496220380976776,-0.7832829123348853,0.0021392458132981616,Strong Synergy
9,-2.11510739911307,0.0038217512261169494,-1.4776539445612589,0.008187087522493995,Strong Synergy
9,-2.229587427102448,0.0038212061161886557,-1.5842088483316314,0.009317878434169811,Strong Synergy
9,-0.8050353798713307,0.0038259491356367322,-0.25712250297559414,0.00034598512623852066,Strong Synergy
9,-0.7742722412856768,0.0038260025077041537,-0.22844449997388613,0.000283257886230263,Strong Synergy
14,-0.0093524642970215,0.003735526965693127,0.4789084062212224,0.0008496797024676971,Strong Synergy
14,0.3786198061534953,0.0037336284603073254,0.8360916429851758,0.0026356161904183555,Strong Synergy
14,0.4553357853068179,0.0037299136784197146,0.9062924016770292,0.003100440784810584,Strong Synergy
14,0.3440644471873201,0.003731120119996746,0.8039975085628919,0.002432652674517227,Strong Synergy
20,-2.1270808662356004,0.0038077314783711556,-1.4860770489229673,0.008332470448080533,Strong Synergy
20,-2.4751208945770973,0.0038038648608527724,-1.8088523087981645,0.012141164690362558,Strong Synergy
20,-1.904381480329494,0.003809389977756325,-1.2792341498018784,0.006259522870318376,Strong Synergy
27,-0.7926138387174062,0.003785816417496993,-0.24425103817865,0.00025383596371584047,Strong Synergy
27,-1.19485755977859,0.00377883172575935,-0.6167097021421004,0.0014974436429334261,Strong Synergy
27,-0.787990991359778,0.0037666465646254027,-0.2393556413181587,0.00023669844768170998,Strong Synergy
68,1.4027976434698854,0.003740301915114777,1.78090265934812,0.01227856311547501,Strong Synergy
69,-0.1718727182804819,0.0034130154685108514,0.31466500833145666,0.00033720665288968475,Strong Synergy
69,1.1260196946257344,0.00335491962738038,1.4450344919424325,0.0070819410266618095,Strong Synergy
69,0.1678808357913869,0.003413080197258018,0.6138324887137906,0.0012922649841070786,Strong Synergy
69,0.7182110563265283,0.0033899641053555954,1.0946908672537172,0.004099904027581805,Strong Synergy
72,-0.5995373945344282,0.003789265123655837,-0.06522761941286508,2.4078146120195393e-05,Strong Synergy
72,-1.829097135867746,0.00377449835129161,-1.2036502537461105,0.0055158775790707685,Strong Synergy
72,-1.9984579817814263,0.003771307950449604,-1.3599002090445496,0.006996791890255476,Strong Synergy
72,-2.831148807523686,0.003751635082121043,-2.1250663230818505,0.01671446571116088,Strong Synergy
72,-3.7911923477912346,0.0037209493581189506,-2.9990119381003577,0.032747780114182425,Strong Synergy
72,-0.3043324094624916,0.00376384783991828,0.20796000003040446,0.00015140612688435134,Strong Synergy
74,0.3144751748898919,0.0038107898182119368,0.7850054204009178,0.002371786160651945,Strong Synergy
74,-0.1768549121798198,0.003811070414609562,0.32787282688162445,0.0003722860121296618,Strong Synergy
74,0.0419514121745994,0.003811192920049437,0.531471233634785,0.0010439829798668011,Strong Synergy
84,-1.017770010956424,0.003147682706761515,-0.4131098631888919,0.0005438303987591558,Strong Synergy
43,-0.1741209846173576,0.0037630019914064792,0.3283262704094784,0.00039175278532383064,Strong Synergy
43,-0.3458821376811178,0.0037621128857887164,0.16950095129044956,9.85085607938205e-05,Strong Synergy
43,0.2239674000513221,0.0037628044238093394,0.6963687565099217,0.001830853309325261,Strong Synergy
43,-0.1902508070485889,0.003762943472976982,0.3134106758489832,0.0003558688684147621,Strong Synergy
43,-0.5442707822729649,0.0037603561824672747,-0.013898415669183274,2.01992542516612e-06,Strong Synergy
43,0.4151178730998155,0.0037615885925281456,0.872955132796921,0.002902113046835335,Strong Synergy
43,-0.1606580568965945,0.00376304686884251,0.34077572792652716,0.00042303311490947057,Strong Synergy
43,-0.6725233937401479,0.0037588051591668677,-0.1324079840254352,7.612355431619555e-05,Strong Synergy
43,0.7128550580456792,0.003758250142207287,1.1476728156513591,0.005061849164897514,Strong Synergy
43,-0.2334749857919232,0.0037627611244836355,0.2734405614905501,0.00026825730078014503,Strong Synergy
43,-0.5842951552264088,0.003759907112760631,-0.050887718675464,1.3714047197853083e-05,Strong Synergy
43,0.4614106089175552,0.0037611849182790807,0.9156988527614951,0.0031987149786466447,Strong Synergy
43,-0.2585029393192679,0.003762638542600218,0.2502971180345584,0.0002232105425024175,Strong Synergy
43,-0.6078994234319769,0.0037596273977389405,-0.07269984746595676,2.5481325168909796e-05,Strong Synergy
43,0.4600681405303837,0.003761197223697054,0.9144594417462298,0.0031899098723096736,Strong Synergy
1,-2.251842941394329,0.0037817429639281108,-1.596635200304556,0.009581451546113947,Strong Synergy
1,-2.459518070815934,0.003778914512321818,-1.7884538485503456,0.011945159051819573,Strong Synergy
1,-2.5664752865193994,0.0037773623164857116,-1.8871645001780415,0.013260381753711099,Strong Synergy
1,-3.090583971939549,0.0037688241345483005,-2.369980603456479,0.02065788675112817,Strong Synergy
1,-2.614741120883654,0.003776640669729928,-1.931690187121367,0.013875586645750905,Strong Synergy
1,-3.4748125880154705,0.00376158999631593,-2.722884738255678,0.02707520626445854,Strong Synergy
1,-1.8905677912775365,0.0037860773894724305,-1.262503005251188,0.006072600763453357,Strong Synergy
1,-1.3856547317233268,0.0037908800105759637,-0.7947497386580783,0.0024748704905560603,Strong Synergy
1,-1.6333130218694325,0.003788707803123548,-1.0242803143802286,0.004046982804541412,Strong Synergy
1,-1.1806815172498135,0.0037924097757514263,-0.6046588201384491,0.0014588836705249056,Strong Synergy
1,-1.096309892705373,0.0037929687748822567,-0.5263858768988545,0.0011168115991270564,Strong Synergy
1,-0.7789729918304483,0.003794701393769872,-0.23187255388751096,0.00023515153042300948,Strong Synergy
1,-2.443245276374985,0.0037791449866164577,-1.7734308037466777,0.011750875092306975,Strong Synergy
1,-2.3948793270684834,0.0037798211324440696,-1.7287718906504543,0.011182513791394863,Strong Synergy
1,-2.400966142776062,0.003779736770429489,-1.7343927881855108,0.011253292913545975,Strong Synergy
1,-2.104507280331929,0.0037836007118028543,-1.460432784123631,0.008057514988371607,Strong Synergy
3,0.6845019832596809,0.0036591708423353783,1.1065934159993158,0.004541804081556323,Strong Synergy
3,0.0,0.0036635875114394392,0.48280656083650997,0.0008521841223635282,Strong Synergy
3,-0.3305916857626734,0.0036625563398875525,0.18119031168945043,0.0001161250521295183,Strong Synergy
3,-0.6158668129401093,0.003660011336219409,-0.07899515168566619,2.5622868351911653e-05,Strong Synergy
3,1.7909404962213364,0.0036335642469624016,2.1079471491165958,0.0165334823939675,Strong Synergy
3,0.612463449058559,0.0036600507138205623,1.0410391812778819,0.004016432377995569,Strong Synergy
6,2.8859575726458204,0.003777084369836429,3.1634873968614854,0.0414109005144915,Strong Synergy
6,1.9667608033918405,0.0037884522724038437,2.3155131143046632,0.021960658569119655,Strong Synergy
6,1.2881840470828407,0.0037966395943758785,1.6878238860681745,0.011511193650062269,Strong Synergy
6,2.080299819761498,0.003791091972213467,2.4216855708891836,0.024220992603923894,Strong Synergy
6,0.2955443681295548,0.003772490968123649,0.76352584522928,0.0022149490390194894,Strong Synergy
6,0.4283596180373154,0.003771260667847502,0.8863330696087879,0.0030034895737882463,Strong Synergy
6,0.3116392556830937,0.003771628398709028,0.7783364559515237,0.002303169806774467,Strong Synergy
6,0.4090101283106936,0.0037721701204780265,0.8685281872022239,0.002882374555663932,Strong Synergy
8,0.0435574384465303,0.0037682241866967134,0.529952658591067,0.0010481581835348685,Strong Synergy
8,0.0303876887834638,0.0038303724405441787,0.5220200889758095,0.0009587110726164675,Strong Synergy
8,-0.4569305657968491,0.003767275173577306,0.06688682652372309,1.2467663772199306e-05,Strong Synergy
8,-0.3897535567221752,0.0037459003419303403,0.12866538849721423,5.567895421223003e-05,Strong Synergy
10,3.0674880219289293,0.003616361441329894,3.2599841585399605,0.03968334173784228,Strong Synergy
10,1.9546319084310464,0.003671990733275373,2.2685669066129885,0.019461350526171258,Strong Synergy
10,5.21932755364222,0.0034496195893249327,5.088825109591365,0.09191852184318927,Strong Synergy
10,-0.0179074278387426,0.0036383096431856126,0.46485799969914576,0.0007847957973093048,Strong Synergy
10,-0.1546940426873536,0.0036377333696212756,0.3404751803310247,0.00041801189212346904,Strong Synergy
10,-0.0828234047663866,0.003638150016916196,0.40583249162736124,0.00059641563444712,Strong Synergy
15,-2.293528601715002,0.003569178322219118,-1.5886499837411532,0.009043052416775074,Strong Synergy
15,-0.6646320744021443,0.0036478658480073767,-0.12325577576693447,5.9650471738108015e-05,Strong Synergy
16,-0.1290034561303754,0.003779047035715954,0.3708286731370567,0.0005014584193137049,Strong Synergy
16,0.2160377702825742,0.003778156385470121,0.6904416273429967,0.001804828790236616,Strong Synergy
23,-3.694115798509209,0.0037835498441733135,-2.934135267340704,0.031001565456170374,Strong Synergy
23,-3.775081457671517,0.003786693275814527,-3.010447613742317,0.032479633693102,Strong Synergy
23,-3.701220148041094,0.0037838765794400596,-2.940848621227588,0.03113017465406921,Strong Synergy
23,0.1730621425712151,0.0037762704733888142,0.6504652980242454,0.0015965415993721447,Strong Synergy
23,-0.0764141804839343,0.00378099786389756,0.4196629928665869,0.0006475167281462225,Strong Synergy
23,0.0796329057368162,0.0037791299476725567,0.5641446952506248,0.00119215725820581,Strong Synergy
23,-0.2604964424591472,0.0037786348316894867,0.2489816452398431,0.00021837938723158435,Strong Synergy
23,-0.1474735582638843,0.0037776990514851168,0.3536523029803345,0.0004547172475839928,Strong Synergy
23,-0.3956888308473038,0.00377981883664153,0.12374676990836335,4.8460456248183426e-05,Strong Synergy
24,-0.2049562389951714,0.0033831893609974667,0.2842837562639335,0.0002726005280587959,Strong Synergy
24,-0.1964613334412769,0.0033833615692965948,0.2917384064077792,0.00028719800876502626,Strong Synergy
38,-0.0561224088672522,0.0034399695789534804,0.4182278529666812,0.0006022577182748323,Strong Synergy
38,-0.4597420975664085,0.0034305742382680707,0.06134588154929626,1.2208727226570112e-05,Strong Synergy
51,-0.4684624923764314,0.0037930303545684546,0.05641053933128908,6.75552190033772e-06,Strong Synergy
51,-0.3905605535339329,0.0038406153414841655,0.1295281039218232,3.915181138556393e-06,Strong Synergy
4,0.8589960418256759,0.003499020940873903,1.2376768172996755,0.005421203646499737,Strong Synergy
4,0.7293223643294587,0.003497612905051399,1.1218403661074725,0.0044478999281847625,Strong Synergy
75,-2.3952387121209515,0.0038184926762507405,-1.737927680565824,0.01110564556534164,Strong Synergy
75,-2.5949990910229,0.00381289529094063,-1.922566359477025,0.013516976891582325,Strong Synergy
75,-1.9945623989292869,0.003815989729277541,-1.3643054039683735,0.007073572775927998,Strong Synergy
75,-1.7161623878625727,0.003807611392752627,-1.1038852125141434,0.004718778596421564,Strong Synergy
81,0.129993627763345,0.002054433836429528,0.4503537154524974,0.0004177185104476406,Strong Synergy
67,-0.3450561212455734,0.003820398774186256,0.17157844470485936,7.970798312720162e-05,Strong Synergy
67,0.0146294083698785,0.0037623034386565185,0.5027926361763259,0.0009407966592182484,Strong Synergy
67,-2.028247299407526,0.003411297409926434,-1.3195878468478208,0.005977209484706149,Strong Synergy
67,-0.4314308228373211,0.0036938858700664703,0.08959090958467747,2.6690565608393756e-05,Strong Synergy
67,-0.4810370569393627,0.0037984911284488377,0.044770365825938845,3.1336104383302593e-06,Strong Synergy
2,0.3698285153548998,0.0033059352710292852,0.7791291890159258,0.002020034647406998,Strong Synergy
2,-0.5635610703265025,0.003335090281824938,-0.02987950866027294,3.3351293657277086e-06,Strong Synergy
11,-1.358809739190454,0.0037689795379918438,-0.7676109270909014,0.0022820726599035476,Strong Synergy
11,-1.6508243933910831,0.0037644475777272464,-1.0371892683609747,0.0041081545057465784,Strong Synergy
22,-0.0560417500445055,0.0034399699883068376,0.4182991798988556,0.0006024643927497951,Strong Synergy
25,0.544864864864865,0.0034502202362799916,0.9509115895046013,0.0031465408448350532,Strong Synergy
25,0.3731181026825044,0.0034569602422623194,0.7996420786457397,0.0022262406481925226,Strong Synergy
26,-0.8002995587517141,0.0033180180178285948,-0.23533568633436208,0.00018759399589303704,Strong Synergy
26,0.2148172499807235,0.0033495800396437956,0.6490383531675631,0.0014185920821168495,Strong Synergy
26,1.0168572915140686,0.0032974454552556396,1.3381244827089427,0.005962607125833872,Strong Synergy
28,-1.3046265380939932,0.0038081513240244623,-0.7211937613036553,0.0020888647902009717,Strong Synergy
28,-1.4331695681468462,0.003806838816482275,-0.8406068046886844,0.0027967594807001717,Strong Synergy
28,-1.4816385729655654,0.003806312173312356,-0.8856188175590026,0.0030895486922300113,Strong Synergy
28,-1.354298569579781,0.003807658645401877,-0.7673441022630072,0.0023505630615312818,Strong Synergy
28,-1.227070317915102,0.003808884003065256,-0.6491211147742596,0.0017102702463237527,Strong Synergy
28,-1.5731047578763997,0.003805271058132246,-0.9705382603015177,0.0036804320007989685,Strong Synergy
28,-1.3582839141684475,0.0038076183241754547,-0.7710465510897533,0.0023722079551892023,Strong Synergy
28,-1.2674029077879223,0.003808508545270647,-0.686604243672084,0.0019025777690308836,Strong Synergy
29,-1.412818126209333,0.003671737814755252,-0.8069691393701822,0.0024276343978278446,Strong Synergy
29,-0.9276165551445138,0.0036708551598377544,-0.36379573748794375,0.0005019943419337331,Strong Synergy
31,2.0023678925561974,0.00283102867011673,2.0302064605563146,0.01177302432540019,Strong Synergy
31,0.80329350336379,0.002833570027047054,1.0690935101439734,0.0032602975236401817,Strong Synergy
31,-2.803315049578685,0.0026479294160911978,-1.7637299558622808,0.008268656300093569,Strong Synergy
31,-0.146070856193857,0.0028883933893782215,0.31037289700741555,0.000278583543433903,Strong Synergy
31,0.5018990458449288,0.003280597957563073,0.8901509729626063,0.002618472486503443,Strong Synergy
31,0.6352754327558274,0.003190557025715921,0.9913996594275818,0.0031596781712716947,Strong Synergy
31,1.5056971375347812,0.0031713759398144994,1.7272142295580921,0.009559006253869557,Strong Synergy
31,1.284200983566959,0.0031120748340921997,1.524753402320741,0.0073024163322968514,Strong Synergy
31,-0.9062996486526144,0.0036317189652048678,-0.3424891395831272,0.0004387747692162922,Strong Synergy
31,-0.3270083493852979,0.003610294844035449,0.1831380799775851,0.00011806067123685063,Strong Synergy
31,-0.3884141351368338,0.003646007548504419,0.12815720754873494,5.6942694222546085e-05,Strong Synergy
31,-0.2042883620878951,0.0036117900553817696,0.2943362068134313,0.0003096128429512454,Strong Synergy
31,2.807413365424757,0.003487795527349447,2.9700141051598625,0.031423399515469234,Strong Synergy
31,1.9620500963117968,0.003526492465682287,2.229807611346306,0.01786450506560067,Strong Synergy
31,2.5914584911613145,0.003510771369231029,2.786922782768251,0.027852638231009322,Strong Synergy
31,1.9620500963117968,0.003526492465682287,2.229807611346306,0.01786450506560067,Strong Synergy
34,0.159477880996698,0.003591026762062521,0.6220412549477465,0.0013952825768116428,Strong Synergy
34,-0.3245736044790704,0.0035886690182153325,0.18478708392003496,0.00011982820099993613,Strong Synergy
40,-0.9044750475836716,0.0030191653220833095,-0.31076171517757883,0.00029542005949652437,Strong Synergy
40,-0.8102848652039804,0.003031086090920187,-0.2332158673933081,0.00016746446945804599,Strong Synergy
40,0.2247491638795988,0.0030766684841318816,0.6303392293129262,0.0012286542216466245,Strong Synergy
40,0.8593080801054194,0.00302503336553027,1.1510565947055846,0.004038470786945586,Strong Synergy
40,-1.4958447793878358,0.0029182970153586907,-0.7870268265717568,0.0018213764837857155,Strong Synergy
40,0.4878294856595795,0.0030624230007269895,0.8483071107064772,0.0022179828229722236,Strong Synergy
41,-1.7696521394545883,0.003610029325620714,-1.1233020480584908,0.004594038503996405,Strong Synergy
41,-0.2171470350854974,0.0037622207266978344,0.2885156993297237,0.0002999043248380845,Strong Synergy
42,-1.6691949733287963,0.003779278411907577,-1.0562519620832864,0.004280211232786367,Strong Synergy
42,-1.3112520102811769,0.003792522633754815,-0.7258620437496569,0.002078401148431144,Strong Synergy
44,0.1738836674954409,0.0029894512692852752,0.5794234307366758,0.0010082710699852522,Strong Synergy
44,1.298586382666733,0.002858323305826387,1.4728611213904128,0.006249483890453389,Strong Synergy
48,0.2219581567757582,0.0033494128395556567,0.655251041744606,0.0014459081244383087,Strong Synergy
49,0.0017687872652441,0.0037033865227587247,0.4870442996853607,0.0008746652989220159,Strong Synergy
52,-2.3997986014659065,0.0026949330787658307,-1.4635908541542004,0.005799758527945679,Strong Synergy
52,-1.5413486092222055,0.0029088350984595125,-0.8227395691563012,0.001983548461238295,Strong Synergy
52,-0.92044392613228,0.0030170244344835295,-0.32387167269114847,0.00032054073774088435,Strong Synergy
53,-3.0178272184010475,0.003341535073043294,-2.168202605695897,0.01574199454289286,Strong Synergy
53,0.8205843986877037,0.003571999672713444,1.2159160429134337,0.005347304768679554,Strong Synergy
54,0.0099496175153348,0.003080522019550413,0.4510461706148172,0.0006287510492452799,Strong Synergy
54,0.267036855019104,0.0030750816276749952,0.6655206038993478,0.001369285960661722,Strong Synergy
54,0.1488640127839393,0.003078834472756339,0.5670977536344834,0.0009946498833272633,Strong Synergy
55,-1.4257866626192528,0.003285555518707055,-0.7745570199182279,0.001989752094080098,Strong Synergy
55,-0.6859371432640022,0.0033616882090331604,-0.136940351056272,6.512256773507276e-05,Strong Synergy
55,-1.8412784821204573,0.0032221539802041914,-1.1225217544120885,0.004088285986214112,Strong Synergy
57,-1.7107509777189074,0.0033415496767964133,-1.0294067666174422,0.0035689404410212556,Strong Synergy
57,0.2865841518304038,0.003459407199997628,0.7232135893949896,0.0018207131669111518,Strong Synergy
57,0.770389947305068,0.003437610554138156,1.148467136172671,0.004579558403373854,Strong Synergy
57,0.3098479815997061,0.003458812131717792,0.7437727541794267,0.0019258467871260817,Strong Synergy
58,-0.0869530795435516,0.0030799510349625693,0.36994922579362605,0.00042236355632896926,Strong Synergy
58,0.1543803521552476,0.0030787065910277247,0.5716992360168355,0.001010857204402938,Strong Synergy
58,-0.6647122801395982,0.003047080311712068,-0.11271636792178878,3.973328500884868e-05,Strong Synergy
58,0.5192944336328748,0.003252768821475387,0.9013205587270701,0.0026617602628585175,Strong Synergy
58,0.1402685276047347,0.003267978570498178,0.5768515971863282,0.0010924457508444756,Strong Synergy
58,0.2752507159834164,0.0032645537711798443,0.692790743318682,0.001575899526420812,Strong Synergy
60,-1.7099958672101667,0.003280246719782211,-1.0192686470449381,0.0034341587200107937,Strong Synergy
60,0.2111029551801957,0.0034122985858159537,0.6518163794945029,0.001457545490750131,Strong Synergy
60,-2.1889747349994373,0.0031999339628517773,-1.4150890402362308,0.006443358381498641,Strong Synergy
60,-1.9545272041377584,0.0032412132824625193,-1.2230129630688484,0.004879535418781389,Strong Synergy
60,-0.1097706386099212,0.0034138504158698364,0.3693926466868901,0.0004657397790585929,Strong Synergy
61,0.1710508585262408,0.003546080455730109,0.6285232245436471,0.0014073287000763645,Strong Synergy
61,0.5600471128001023,0.003536351859106637,0.9763155055315845,0.0034028629670682527,Strong Synergy
61,-1.6188223114513904,0.0034593658040990944,-0.9659036244257503,0.003256670164127772,Strong Synergy
61,0.737562275033388,0.0035285112184796218,1.1341618950589742,0.004588655456310454,Strong Synergy
61,-1.969345995010196,0.0034187884215871067,-1.2691279782275056,0.005542787355071112,Strong Synergy
62,0.2816564115145448,0.0038224224516093023,0.7556207502274848,0.0021961975406485,Strong Synergy
62,-0.2849840945944432,0.0038224172836181574,0.2276013467805432,0.0001527992744634159,Strong Synergy
62,0.112810558616291,0.0038225322244820623,0.5982917352221925,0.001327997002755298,Strong Synergy
62,-0.7851198829210654,0.003820872798812806,-0.2383975407977778,0.0002847143431841718,Strong Synergy
63,0.0184650914470461,0.00374334146395784,0.5050610834291271,0.0009478565899994297,Strong Synergy
63,-0.1469825691472993,0.003367340356769784,0.3343216611607135,0.00037609179743107403,Strong Synergy
64,1.2646082068062234,0.0030454978401935006,1.492058976216815,0.006839742897979386,Strong Synergy
64,-2.413506684273905,0.002790172728592055,-1.5001416833238308,0.006308716740807519,Strong Synergy
64,1.107168541450387,0.003070325044393798,1.3666424544401101,0.005783515709691325,Strong Synergy
65,-3.061504238595657,0.002700216924194678,-1.9832721468055468,0.01065669943197531,Strong Synergy
65,-1.3740579015072825,0.0030974637653783357,-0.7086675028543015,0.0015693445539672441,Strong Synergy
68,0.3181274049508187,0.003761195219203938,0.7832564938256696,0.0023262518419743415,Strong Synergy
77,0.9218577295469071,0.0034868290264031764,1.2914653277460466,0.0058833857459847415,Strong Synergy
78,0.4551491924878931,0.003374869881730511,0.8619164131702848,0.002525864367954691,Strong Synergy
78,-0.8623879436612711,0.0033481216761867155,-0.29054901970039887,0.00028795921752348345,Strong Synergy
78,0.9523803402517258,0.0033400640438115124,1.2905806006679093,0.005618771921492174,Strong Synergy
79,0.1959585835090979,0.003727396428353849,0.6673112777577614,0.0016652209643553695,Strong Synergy
79,0.0689014344619237,0.0036501409082686283,0.5446613561326858,0.0010838285338102777,Strong Synergy
80,-0.6185851177800868,0.0036968875007955607,-0.08188319713993317,2.8394742113082794e-05,Strong Synergy
80,-0.467375422322732,0.0036996736905050335,0.05670858663330358,9.887716166746033e-06,Strong Synergy
39,-0.6737006908586275,0.003650977660627205,-0.13156716420245382,6.781643993664521e-05,Strong Synergy
39,0.0310876813806729,0.003660859604395401,0.510976752583888,0.0009551170376236237,Strong Synergy
39,0.0334598313708321,0.0035333016901339504,0.504120890485032,0.0008997476471643743,Strong Synergy
39,0.0611755366879087,0.0035332078809580322,0.5289445760386233,0.0009911188848695477,Strong Synergy
46,-1.5855120459010643,0.0037379344660048138,-0.9733459380766564,0.00359303467902967,Strong Synergy
46,-0.9638358655495668,0.003750457059622621,-0.40115044773050046,0.000633689000223832,Strong Synergy
46,-1.4631001838840887,0.0037408756061063793,-0.8608836349057075,0.0028239652417910263,Strong Synergy
83,0.0,0.002972985440978067,0.4349268999487465,0.0005641428697954966,Strong Synergy
84,-1.017770010956424,0.003147682706761515,-0.4131098631888919,0.0005438303987590778,Strong Synergy
9,-1.6174247797700327,0.0038237884770196055,-1.0142034609484416,0.004077457773013851,Strong Synergy
9,-1.3874803321284688,0.0038245468096457925,-0.7999726665955883,0.0026326694448454003,Strong Synergy
9,0.021326801372389,0.0038139576751641726,0.5124663910353379,0.000963661395484608,Strong Synergy
9,-0.0218543550376684,0.0038139575883426673,0.47227296202146746,0.0008097466174664695,Strong Synergy
9,-1.278104895902194,0.0038248668766365855,-0.698052964194582,0.002049898820261682,Strong Synergy
9,-1.137875995810863,0.003825238872506353,-0.5673676413730926,0.0014040620933277064,Strong Synergy
9,0.0,0.0038266612034418782,0.49343492437954645,0.0008610414007513347,Strong Synergy
9,0.0434233785017827,0.0038266591313012672,0.5339209236874957,0.0010257397838864318,Strong Synergy
12,-0.1775166473126017,0.0037798867655765684,0.325915488780889,0.00038329285189707933,Strong Synergy
12,0.0,0.0037758221164158686,0.4901462012493377,0.0008928123306571749,Strong Synergy
12,-0.0739332224256048,0.00377183111843947,0.42145047343498887,0.0006545132373438092,Strong Synergy
12,0.0457980298767311,0.0037761539317289127,0.5325851759734276,0.0010590689985997652,Strong Synergy
17,-1.0282781893388,0.0038024489644111472,-0.4638143628580102,0.0008893227357005277,Strong Synergy
17,-1.4015500466638766,0.0037990600249524415,-0.8103733207404259,0.002586792587851433,Strong Synergy
17,-1.3639777163248916,0.003801979409661405,-0.7757669118345137,0.0023845722381818724,Strong Synergy
17,-1.1447958108707788,0.003802697703608203,-0.5721250076229849,0.0013292630241937453,Strong Synergy
17,-1.176235356102572,0.003801805639678589,-0.6012754613681076,0.0014602575833286367,Strong Synergy
30,-0.2047828025166584,0.003806684024385444,0.3017133471996456,0.0003147915046790378,Strong Synergy
30,-0.1880233961795052,0.0038072585698196927,0.31732222084158285,0.0003503875065534266,Strong Synergy
47,-0.6579945479701629,0.003831427895157465,-0.12012644895406431,0.00012394088340195582,Strong Synergy
47,-0.8218915512728504,0.0038310476587770704,-0.27301876368929645,0.00042284604488810983,Strong Synergy
47,-1.6139552866464029,0.003828025768678196,-1.0115298577589305,0.004090149572950881,Strong Synergy
47,-0.0109810393791742,0.003832106626666154,0.48354033958270104,0.0007929836483736208,Strong Synergy
70,0.6869158672031374,0.0038257408154211262,1.1337502099932704,0.00530287429792363,Strong Synergy
70,-0.7772544196691423,0.0038255736677609196,-0.231211760338336,0.00028705020232892966,Strong Synergy
70,-0.6517292021541685,0.0038244225708027563,-0.11417674228620411,9.024423550940046e-05,Strong Synergy
70,-1.6031429673059308,0.0038216777233587335,-1.0006164073568085,0.003963979871095312,Strong Synergy
70,1.4772473828749844,0.0038221736159786287,1.8696614078785099,0.015433263794154143,Strong Synergy
70,0.8412308896525743,0.0038240603621562566,1.2773291606090775,0.006818289436789981,Strong Synergy
70,-0.7749794810322365,0.003825717737645475,-0.22909531773101,0.0002832788358354304,Strong Synergy
70,-1.0674968483447642,0.0038250378049376897,-0.5017480734456714,0.001120593656705797,Strong Synergy
76,-1.7507145386290743,0.0036296710858482032,-1.1091576256013844,0.004505005503249427,Strong Synergy
76,-1.867428841204344,0.0036219402816055958,-1.2138444885950228,0.005376547918719461,Strong Synergy
76,-1.867428841204344,0.0036219402816055958,-1.2138444885950228,0.005376547918719461,Strong Synergy
5,1.0251273458414574,0.004474112616258104,1.1532572599789028,0.007462096108376918,Human Augmentation
5,0.9388231765314424,0.004480999304585595,0.9667156634759689,0.004853112003592883,Human Augmentation
5,0.9339209825686332,0.004478255707187032,0.9557767192918883,0.004705165409044968,Human Augmentation
5,0.7878669534342605,0.004483184690458102,0.6390362118442784,0.0017002349357235565,Human Augmentation
5,0.910932916917012,0.004358111449855612,0.8936341823869532,0.003722622966801169,Human Augmentation
5,0.8800350745747622,0.004363864481693435,0.8280050763543751,0.0031254635714130018,Human Augmentation
5,1.00994887841199,0.004354815878173039,1.1052822787895085,0.006073159699190444,Human Augmentation
5,0.5317601215354798,0.004379193258943095,0.08174243354836958,4.644724006164709e-08,Human Augmentation
5,0.937268588760468,0.0044343376482476405,0.9583106663899387,0.004573525601586188,Human Augmentation
5,1.1797507085634913,0.0044189042753059495,1.4795843292892483,0.012744732307343349,Human Augmentation
5,0.9347141352361084,0.004434459678984485,0.952805168564525,0.00451094820296336,Human Augmentation
5,1.197297225221122,0.004415410132383876,1.516825517095331,0.013468544111818593,Human Augmentation
6,0.7612089062505664,0.00423411595509346,0.5647548827046337,0.0012651521520405415,Human Augmentation
6,0.728164769233326,0.004234472308258998,0.49501788552368803,0.0009353550767766013,Human Augmentation
6,0.6729789012312272,0.0042418673860730345,0.37884322730173026,0.0004993357926255164,Human Augmentation
6,0.8248898111274512,0.004227484655040871,0.6986407247529205,0.002044663441784905,Human Augmentation
7,1.2629694509747058,0.0027071498078548345,1.2985535391296508,0.0047351327273186805,Human Augmentation
9,0.6796142672221077,0.004459052214148329,0.40279545720805576,0.0005042257787259179,Human Augmentation
9,0.6013391327544144,0.004461473697166986,0.23328360575369195,8.925857407325542e-05,Human Augmentation
9,0.3524412866864674,0.004467217352107227,-0.306271767367857,0.0008349197187996058,Human Augmentation
9,0.2828491985806571,0.004468288659010914,-0.45722878009302437,0.0015014991055260734,Human Augmentation
14,-0.0093524642970215,0.004012695547465349,-1.033799199693553,0.004454396073740398,Human Augmentation
14,0.3786198061534953,0.004002565947844046,-0.23617450025929043,0.000309007594836101,Human Augmentation
14,0.4553357853068179,0.003982863234258145,-0.07851980542341135,5.4944286695854646e-05,Human Augmentation
14,0.3440644471873201,0.003989245033007744,-0.306588448591211,0.00048215744208250855,Human Augmentation
20,1.5085715074358446,0.004352878202233643,2.172313957877233,0.029369218604580187,Human Augmentation
20,0.9495451855714974,0.00439313549251609,0.9802468438524342,0.004701114270879601,Human Augmentation
20,1.730386745290451,0.0043245990803233905,2.638486091852497,0.04518191874134916,Human Augmentation
27,0.4783571287452178,0.004144081848649019,-0.03201348077390866,2.689646588429365e-05,Human Augmentation
27,0.1625208038620087,0.004120833532292623,-0.6896900810942396,0.002206217001658085,Human Augmentation
27,0.6574210195118924,0.003987146047362001,0.3354212762230412,0.00038339933432828075,Human Augmentation
68,1.4603005043757538,0.0037223033987630653,1.913270973010291,0.01530323716572639,Human Augmentation
69,-0.0372122336718469,0.0027331445098423253,-0.9004497544479714,0.002272035214587402,Human Augmentation
69,0.9258327463017004,0.002616951350886468,0.7172103221856307,0.0013429124956565602,Human Augmentation
69,0.2717329015545713,0.0027229088090006356,-0.3757459612828219,0.0004211328206203417,Human Augmentation
69,0.6683249489705995,0.0026714292561546,0.2928403092523702,0.00021097279449495813,Human Augmentation
72,0.5229656709769653,0.0041587859513593835,0.06125917321408791,8.542670601455043e-07,Human Augmentation
72,0.5457543995128918,0.004157439064139805,0.10891980616492603,1.6995931077087116e-05,Human Augmentation
72,0.1709364636753804,0.004172343408696453,-0.6763514045161598,0.0021795538295994983,Human Augmentation
72,1.5001524759634255,0.004052221274828478,2.0785629182305505,0.021096209451028948,Human Augmentation
72,1.5162181272605937,0.004049677659957123,2.1110789411238744,0.02180348807363066,Human Augmentation
72,-0.3043324094624916,0.004168816213383473,-1.671615055716778,0.011005152456214536,Human Augmentation
74,0.3144751748898919,0.004450128256907804,-0.38785279228924213,0.0011267333814535274,Human Augmentation
74,-0.1768549121798198,0.0044519017395180495,-1.4514932611050413,0.008820212316470179,Human Augmentation
74,0.0419514121745994,0.004452676384808354,-0.9779367641641882,0.004797181217090435,Human Augmentation
84,0.7731016019964969,0.004523992082210487,0.6097182530289267,0.0014771038433454905,Human Augmentation
43,-0.1741209846173576,0.004164012914462312,-1.3980540050534636,0.008013943892522498,Human Augmentation
43,-0.3458821376811178,0.004158973570226037,-1.756572284254031,0.011992418645390145,Human Augmentation
43,0.2239674000513221,0.004162892275859532,-0.5645795572841997,0.0015699326690974192,Human Augmentation
43,-0.1902508070485889,0.004163680936890706,-1.431764728237701,0.008360732233113266,Human Augmentation
43,-0.5442707822729649,0.004149045594689069,-2.1690541895806024,0.01728822867267577,Human Augmentation
43,0.4151178730998155,0.004156006538060483,-0.16432361773015833,0.00019475265357389994,Human Augmentation
43,-0.1606580568965945,0.0041642675349620175,-1.3699112330489536,0.007729011162994127,Human Augmentation
43,-0.6725233937401479,0.0041403116692363615,-2.43450176644836,0.021052319858212765,Human Augmentation
43,0.7128550580456792,0.0041371935096332696,0.45735129596333524,0.0007786474637015869,Human Augmentation
43,-0.2334749857919232,0.0041626467392344565,-1.5220619214457043,0.009318462179313704,Human Augmentation
43,-0.5842951552264088,0.00414651380458918,-2.252007117070089,0.018436294129696246,Human Augmentation
43,0.4614106089175552,0.004153724422239686,-0.067484405283417,5.7571653140482076e-05,Human Augmentation
43,-0.2585029393192679,0.00416195174299853,-1.5743179323618441,0.009891423882057007,Human Augmentation
43,-0.6078994234319769,0.004144938067548269,-2.3008814258274604,0.01912490034896469,Human Augmentation
43,0.4600681405303837,0.004153793959395233,-0.07029197845895335,6.0420297603712975e-05,Human Augmentation
1,0.1893938134391616,0.0041636993131256225,-0.6370113957604842,0.0019493308036411504,Human Augmentation
1,0.2165130743343882,0.004163077667271648,-0.580196014988742,0.0016485115108915696,Human Augmentation
1,0.1063175628867153,0.0041650873253454065,-0.8110602201842794,0.0030123411233722998,Human Augmentation
1,0.1191024884440968,0.004164924445673421,-0.7842761766025994,0.0028352213808349,Human Augmentation
1,0.1578347624480317,0.004164318337248982,-0.7031300769258574,0.0023284122926071466,Human Augmentation
1,-0.1041984687461787,0.004165112538731616,-1.2518364014101142,0.006580109928713935,Human Augmentation
1,0.4118274772431382,0.004156159660311003,-0.17120859329271113,0.00020752800988597242,Human Augmentation
1,0.4355722680469448,0.004155027604828108,-0.12152919173328375,0.00012429417656807795,Human Augmentation
1,0.3774105088908299,0.004157688879370622,-0.24323731319039188,0.00036480817679489437,Human Augmentation
1,0.490323467560637,0.004152178223844742,-0.0070288203026949835,1.2833162239069171e-05,Human Augmentation
1,0.221378888907581,0.00416295736220868,-0.5700023348060345,0.0015970167226476695,Human Augmentation
1,0.4777228565086258,0.004152863485273282,-0.03337345308362072,2.8414242933597964e-05,Human Augmentation
1,-0.0140076282777285,0.0041657151864617015,-1.0630737500947722,0.004907053351413995,Human Augmentation
1,0.1070760485180453,0.004165078177455288,-0.8094712359238881,0.0030016989856840688,Human Augmentation
1,0.1395036774208772,0.004164626304182554,-0.7415350486483849,0.002562640757324824,Human Augmentation
1,0.3240710709646165,0.00415979718588362,-0.3549086063279868,0.0006922347704182278,Human Augmentation
3,1.3329852322919251,0.002962432117587905,1.4820345934118118,0.006845633140121808,Human Augmentation
3,1.1130161352428405,0.0030233391587538264,1.1047983425785117,0.00380439027942138,Human Augmentation
3,0.9654875666874124,0.0030591845508553027,0.8466027035859669,0.0022176607805379873,Human Augmentation
3,1.0601792181436485,0.00303666312674038,1.012769024452147,0.003191454039712092,Human Augmentation
3,2.025251393814711,0.0027252142919964354,2.5938993128519243,0.02004945491943381,Human Augmentation
3,1.6734697953143476,0.002853079719749786,2.044450717487,0.01282728090817932,Human Augmentation
6,1.0920648650981255,0.0041655194707841845,1.2529340293547004,0.007309455361327236,Human Augmentation
6,0.9015724597613276,0.004174475502834622,0.8549834822456938,0.003160437838826429,Human Augmentation
6,0.7544946672796725,0.00419642748507044,0.5481249119461623,0.0011780140042158551,Human Augmentation
6,0.9520624623894026,0.0041931369524017825,0.9629622759079787,0.004135231273061356,Human Augmentation
6,0.2955443681295548,0.004218413890876945,-0.4175099394788865,0.0009559788957127918,Human Augmentation
6,0.4283596180373154,0.004211296021171786,-0.1375344921405631,0.00016019758320790913,Human Augmentation
6,0.3116392556830937,0.004213421486477695,-0.3833688303662168,0.0008223235615771701,Human Augmentation
6,0.4090101283106936,0.004216555765012884,-0.17838330189402876,0.0002370369391796089,Human Augmentation
8,0.0435574384465303,0.004193811221261713,-0.945709759727229,0.004014202090432309,Human Augmentation
8,0.2261488152470002,0.0041925148908426545,-0.5620023369458708,0.0015824607615816278,Human Augmentation
8,-0.4569305657968491,0.004188370570728462,-1.9959283350760515,0.014996207875610757,Human Augmentation
8,-0.3897535567221752,0.004068774589990795,-1.8282082388260517,0.012729777530258318,Human Augmentation
10,1.2024616566724946,0.003393241940411599,1.3394717124672433,0.006433814071669718,Human Augmentation
10,1.1214783663071222,0.0034118596009901714,1.189676740083952,0.005051711335419181,Human Augmentation
10,1.2806098060770963,0.0033742574147352924,1.4829930341400996,0.007910235596669785,Human Augmentation
10,-0.0179074278387426,0.0035416884972497443,-0.9877499900282933,0.0035578932863233564,Human Augmentation
10,-0.1546940426873536,0.0035391597965825122,-1.2514015131259801,0.005572852960342062,Human Augmentation
10,-0.0828234047663866,0.0035409877722600985,-1.1129753244454306,0.00446315249165299,Human Augmentation
15,0.7036971645023166,0.0032265441908207143,0.38701604786847993,0.00045362486358937164,Human Augmentation
15,1.1909678855982584,0.003121581910945529,1.2639011064305694,0.005202738040034316,Human Augmentation
16,-0.1290034561303754,0.004256673556010161,-1.3180249377820699,0.00736163768419307,Human Augmentation
16,0.2160377702825742,0.004251443089880091,-0.587326739337656,0.0017710241193171525,Human Augmentation
23,0.4149281409364853,0.00421187211298981,-0.16582384121546906,0.00021100160142178696,Human Augmentation
23,0.1731029904245383,0.004263447722974349,-0.6791062322691714,0.002300908261578043,Human Augmentation
23,0.3460638280720348,0.004219001868563192,-0.3110804448294179,0.0005797300720983492,Human Augmentation
23,0.1730621425712151,0.004240402035774164,-0.6773546169396923,0.0022613447726360443,Human Augmentation
23,-0.0764141804839343,0.004268166484443393,-1.208338956737837,0.006343704947960025,Human Augmentation
23,0.0796329057368162,0.004257160997144001,-0.8764616295419584,0.0035944911538720405,Human Augmentation
23,-0.2604964424591472,0.00425425153875369,-1.5958974458420774,0.010248391817251774,Human Augmentation
23,-0.1474735582638843,0.004248761368761799,-1.3558580991596467,0.007721555655875079,Human Augmentation
23,-0.3956888308473038,0.004261214482451692,-1.8835126364311814,0.013584118587547147,Human Augmentation
24,-0.2049562389951714,0.0026428361813091105,-1.165217307111142,0.0036144762412886294,Human Augmentation
24,-0.1964613334412769,0.0026433231360229108,-1.1511552708091275,0.003531258467986689,Human Augmentation
38,0.5029538088504694,0.0027762191792666787,0.015842923139810738,8.003067497026069e-10,Human Augmentation
38,0.5367908978623099,0.0027714235213890737,0.07362041834779956,9.299837071359134e-06,Human Augmentation
51,0.4082950575630884,0.004342163128010889,-0.1825494318204062,0.0002982249547657262,Human Augmentation
51,0.2252013048078209,0.004645659268557245,-0.593690192281032,0.008693138618454773,Human Augmentation
4,0.8589960418256759,0.0030025934927828766,0.6494225955501987,0.0012546954616471642,Human Augmentation
4,0.7293223643294587,0.0029977952453509632,0.41856316871152227,0.000500162910830093,Human Augmentation
75,0.1842164625852228,0.004461439084411996,-0.6706132316711457,0.0026734367486495676,Human Augmentation
75,0.2307756129313729,0.004404015234347325,-0.5660421918993493,0.0018923355408067837,Human Augmentation
75,0.3188407192617857,0.004399486921616005,-0.37624551437970044,0.0009775158654168267,Human Augmentation
75,0.0313888131128571,0.004431203119658741,-0.9983870725968114,0.004889799604988944,Human Augmentation
81,0.2136425748206216,0.004394343022270271,-0.6022669647298685,0.002072319305236997,Human Augmentation
67,0.8291869653746813,0.00450062776457905,0.7302101557152985,0.0024073028901753337,Human Augmentation
67,0.6107026331064679,0.004138881517359537,0.24423470484473778,0.0001773387040008891,Human Augmentation
67,0.8973219600676862,0.0030742782769959762,0.7260707137479986,0.001620093937760427,Human Augmentation
67,0.4387486455192126,0.003798966142670478,-0.10985383160822859,7.642857207918624e-05,Human Augmentation
67,0.504645638213246,0.004372718896356788,0.023512628127528457,1.4042480286067316e-05,Human Augmentation
2,0.3698285153548998,0.0024367404225675232,-0.19835492140213717,0.00011209777748136273,Human Augmentation
2,-0.5635610703265025,0.0025117266707550927,-1.719015167663351,0.007274616500723048,Human Augmentation
11,0.8953063591064976,0.0039904722022640945,0.8230862515960703,0.0027599833937592628,Human Augmentation
11,0.6544879320313428,0.004010881750273664,0.33039172802698696,0.00037060426406940655,Human Augmentation
22,0.8551455896925975,0.0027124087749209333,0.6107378565364044,0.0009980997811393213,Human Augmentation
25,1.8806571272214048,0.00246560195658479,2.2343240115859104,0.013199205059800354,Human Augmentation
25,1.9329224697754124,0.002445642570467859,2.3091167626343863,0.014012791817295192,Human Augmentation
26,0.946938585156831,0.002433368871864823,0.7253735392196973,0.0012775370176908803,Human Augmentation
26,0.7686600278958601,0.0024741351247899064,0.44373227296833745,0.0004691777184381283,Human Augmentation
26,1.0168572915140686,0.0024155015430521016,0.8341899827348509,0.0016916288358971479,Human Augmentation
28,0.1507537716551693,0.0044732055617475,-0.7441054744730504,0.003194830214461348,Human Augmentation
28,-0.2051263467121904,0.004472744096780616,-1.5162281693519335,0.009364060291877196,Human Augmentation
28,0.0,0.004473747673616202,-1.0712810972506457,0.005601169560474621,Human Augmentation
28,-0.1572905396923767,0.004473157536289227,-1.4125030236404477,0.00845601252137197,Human Augmentation
28,0.157068965754452,0.004473159197543162,-0.7303987640405487,0.003104060298182914,Human Augmentation
28,-0.3302881853840354,0.004471146683616567,-1.7874753404727515,0.011777290117896813,Human Augmentation
28,0.1369720497309547,0.004473300140028686,-0.7740177107797249,0.0033961123737832996,Human Augmentation
28,-0.1009093881206459,0.004473504763984073,-1.2902159937538396,0.007404972699348425,Human Augmentation
29,0.6840774878910845,0.0033997233846329174,0.36015310686518087,0.0004071117877359051,Human Augmentation
29,1.225074641652546,0.0032153984912890515,1.3454976633547528,0.006118544653588988,Human Augmentation
31,1.6878934248272222,0.0013269022643614564,1.4112907639200707,0.0027221880365442368,Human Augmentation
31,0.80329350336379,0.0015527479252950348,0.39580341418349585,0.00023219679535409218,Human Augmentation
31,-0.8270609549406077,0.0015481146577519703,-1.6859249350203196,0.004312754253062042,Human Augmentation
31,-0.146070856193857,0.0016313648683137312,-0.8383154109962155,0.0011711707402964411,Human Augmentation
31,1.2358882947118253,0.002023846979506709,1.0832494099220824,0.002420162829936439,Human Augmentation
31,0.6352754327558274,0.0021688865716630113,0.2139278600267578,8.846105991491806e-05,Human Augmentation
31,1.8538324420677343,0.0018173770531729593,1.881158724766461,0.006753671972051831,Human Augmentation
31,1.284200983566959,0.002009290272892592,1.1496053281922889,0.0027147437788177828,Human Augmentation
31,1.040945756114379,0.0032613870496703955,1.013939585740695,0.0034477170009200686,Human Augmentation
31,0.1760829098958597,0.003119201948525055,-0.5754706853426045,0.0011030668973897842,Human Augmentation
31,1.2722670352509071,0.0032043629435554296,1.4298549885827347,0.006918550059148317,Human Augmentation
31,0.2916253884925935,0.0031122382846157804,-0.36570810510209717,0.00046438260911919784,Human Augmentation
31,2.4268048690375803,0.00281195778136402,3.325677869460583,0.03499061803462173,Human Augmentation
31,1.4086632791668756,0.0028858074974852845,1.5946349809367908,0.00774836520531201,Human Augmentation
31,2.362941583010276,0.002836840092144258,3.2300060763333542,0.03323034696627893,Human Augmentation
31,1.4086632791668756,0.0028858074974852845,1.5946349809367908,0.00774836520531201,Human Augmentation
34,0.159477880996698,0.0033431517949406788,-0.6269195370713319,0.001403378105336577,Human Augmentation
34,0.2416082238291443,0.0033392510071876213,-0.4725804192849304,0.0008189728158242126,Human Augmentation
40,-0.9044750475836716,0.001839914142540117,-1.9456872704538521,0.006765526118467901,Human Augmentation
40,0.5445869566067777,0.0019083377713594923,0.07213953035122446,6.61620898879759e-06,Human Augmentation
40,0.2247491638795988,0.001942421210909086,-0.3845374673977794,0.0003092530725110983,Human Augmentation
40,0.8593080801054194,0.0018500473133667126,0.5102010493626439,0.0004690168156215589,Human Augmentation
40,0.1687626429363784,0.0019455323682492614,-0.46496141126094487,0.0004464423259512734,Human Augmentation
40,0.4878294856595795,0.0019163454354230649,-0.008317077782678513,9.457860847006799e-07,Human Augmentation
41,2.1991848934610325,0.002571677147808782,2.805930413720492,0.022187612420847738,Human Augmentation
41,2.9441450435796037,0.002930659075878702,4.303752681026412,0.06354351303713254,Human Augmentation
42,0.678326012130252,0.00406719972059222,0.3820246949071707,0.0005163663436667483,Human Augmentation
42,0.6764478834656179,0.0041064657739166765,0.3799597595450736,0.0005101080466456064,Human Augmentation
44,0.1738836674954409,0.0017896860548541828,-0.4389214410214573,0.00036699380865203913,Human Augmentation
44,1.1557632441963197,0.0016265206853160502,0.8662750576522533,0.001226115715905863,Human Augmentation
48,0.2219581567757582,0.0025497724800505467,-0.44514502686702095,0.0005429160258584845,Human Augmentation
49,0.0017687872652441,0.003846546868400084,-0.9897930955706427,0.00391164486791352,Human Augmentation
52,1.1993768494528827,0.0017646401156215764,0.9617449201320831,0.001650082972624343,Human Augmentation
52,0.4876598472097442,0.0019163681444441727,-0.008558051536814631,9.665685917523176e-07,Human Augmentation
52,0.4557998505132989,0.0019205020605077092,-0.05386436365179163,8.89235040052697e-06,Human Augmentation
53,1.3035187478643142,0.003155841336527866,1.4759451967080883,0.007268352468338646,Human Augmentation
53,0.8205843986877037,0.003268062594153673,0.6062831993442568,0.001181954665593793,Human Augmentation
54,0.0099496175153348,0.0019495550278177548,-0.6929364128039578,0.0009685026959339614,Human Augmentation
54,0.3783880278319684,0.0019294436949213111,-0.1643061181804806,6.17739633615956e-05,Human Augmentation
54,2.821384952199671,0.0012339731297219211,2.652753361270883,0.009311025496753805,Human Augmentation
55,1.5248338166945492,0.0023526553387351575,1.6226220105942935,0.0064839948852089754,Human Augmentation
55,0.134218075741519,0.0026462661775438416,-0.5999204890835028,0.001002501664914926,Human Augmentation
55,1.740764837706932,0.0022754896636063273,1.929961311403756,0.008962853427706348,Human Augmentation
57,0.7348912876404328,0.002810462950461232,0.41485225677810755,0.00046158676191236495,Human Augmentation
57,0.2865841518304038,0.0028718429301079866,-0.360064938920971,0.00041167918917514807,Human Augmentation
57,0.770389947305068,0.0028034711637273564,0.47531446575195446,0.0006121229242643956,Human Augmentation
57,0.277744382441109,0.002872526341573302,-0.37547835311615957,0.0004459040934355605,Human Augmentation
58,0.5399680510356017,0.001909019725521482,0.0656051308980761,5.219359927625416e-06,Human Augmentation
58,0.1543803521552476,0.001946189943335015,-0.4856243632624826,0.0004856902789533488,Human Augmentation
58,0.1079185794725202,0.0019479163642232527,-0.5523667306620508,0.0006235461213201153,Human Augmentation
58,0.5192944336328748,0.0023079132213331553,0.03991306255162963,1.5158824850643231e-06,Human Augmentation
58,0.1402685276047347,0.0023437734847512933,-0.5550889939383465,0.0007607196505427416,Human Augmentation
58,0.2752507159834164,0.0023356313039770093,-0.3424849457431987,0.0002997376897963643,Human Augmentation
60,0.7138394717350521,0.0026629340640753774,0.36857298337435784,0.0003418918662063297,Human Augmentation
60,0.2111029551801957,0.0027270351959183194,-0.4787493087671021,0.0006703887709675259,Human Augmentation
60,0.6370474617458326,0.002676971851549272,0.24064253632871357,0.0001389821231942395,Human Augmentation
60,0.1519396226656618,0.0027300707239039114,-0.5793054806154858,0.0009683395055865939,Human Augmentation
60,0.9479711240227134,0.002611569562942648,0.7531764969688303,0.001482699657241487,Human Augmentation
61,1.837563022142028,0.0027950117100677065,2.304987617340866,0.016105909725178044,Human Augmentation
61,1.6947868301290154,0.0028457117025377536,2.078701747374657,0.013241614006246646,Human Augmentation
61,0.9870773914239788,0.003054206348812958,0.8846228986544724,0.0024252269691720915,Human Augmentation
61,0.737562275033388,0.003105798150283609,0.4409342771786709,0.0005770154236055439,Human Augmentation
61,0.6962689537871333,0.0031130333196840087,0.36670141728691874,0.00039171023951737016,Human Augmentation
62,0.3379876938174539,0.004524009403628813,-0.3397519401915994,0.0011822598527080363,Human Augmentation
62,0.402982926707704,0.0045231528957135995,-0.1979057161928258,0.0006142437142026115,Human Augmentation
62,0.2632246367713453,0.004524333306440896,-0.5029120075600513,0.0020071159275448654,Human Augmentation
62,0.1128530484688765,0.004525342955384495,-0.8311455346890325,0.004083667801978787,Human Augmentation
63,0.0184650914470461,0.004054825098288044,-0.9817445077966227,0.004102746990644639,Human Augmentation
63,-0.1469825691472993,0.002598568999854645,-1.0595403332047326,0.00295609760186315,Human Augmentation
64,1.2646082068062234,0.001885957325049824,1.0861600173259987,0.0022657176664838655,Human Augmentation
64,-0.3050841151406415,0.0020806686029404544,-1.1820619947326818,0.0029187597483301625,Human Augmentation
64,1.107168541450387,0.0019307526171857294,0.8745464743388549,0.0014864446770272027,Human Augmentation
65,1.0199514979894486,0.002084259937474015,0.7794679160352784,0.0012673463412143232,Human Augmentation
65,1.446923522922542,0.0019578876477436354,1.3683976045385962,0.0037830209742910443,Human Augmentation
68,1.9791151463042096,0.003672382253641075,2.9204052752734464,0.03727388143413209,Human Augmentation
77,0.8296719565922165,0.002981347534846999,0.5951754022587159,0.0010390701455858845,Human Augmentation
78,1.0923580619709403,0.002488091660743276,0.9688120989462707,0.0023726891573695613,Human Augmentation
78,0.0,0.002648847401101346,-0.8243206298215406,0.0018544254224461833,Human Augmentation
78,0.9523803402517258,0.0025248462114653646,0.7477532138362557,0.0014117880897731101,Human Augmentation
79,0.1763662425027222,0.003970142278827383,-0.648659657305607,0.0018565691123856249,Human Augmentation
79,0.0689014344619237,0.003594232989372486,-0.8262066486633256,0.00257570187610599,Human Augmentation
80,0.9484861291661794,0.00377153064679681,0.9061432172851933,0.00318439880151928,Human Augmentation
80,-0.2233772882516353,0.0038423082912518447,-1.442017606248785,0.007887755463541632,Human Augmentation
39,0.7755162758316024,0.0035836051776833864,0.5473502809186344,0.0010402022734069978,Human Augmentation
39,0.0310876813806729,0.0036428950908253604,-0.9058248936556842,0.003113155280218607,Human Augmentation
39,0.3130363842708825,0.003110574613196767,-0.3268690332959413,0.00037561642645705896,Human Augmentation
39,0.0611755366879087,0.00312272688900842,-0.7841162775835353,0.0019994166053132812,Human Augmentation
46,1.0804254324168023,0.0038241292260515628,1.1771422160845366,0.00563953926671525,Human Augmentation
46,0.2404690370089885,0.0039101017609679154,-0.5136927776344621,0.0011795357330948082,Human Augmentation
46,-0.0512011886141735,0.00391448046289278,-1.1060138727096631,0.004907366684742926,Human Augmentation
83,0.5989504891781978,0.004453816171340497,0.2279116038687092,8.549289706906004e-05,Human Augmentation
84,0.7731016019964969,0.004523992082210487,0.6097182530289267,0.0014771038433454905,Human Augmentation
9,0.0468776748347062,0.004470175273192707,-0.9691709585704489,0.004792540174339624,Human Augmentation
9,-0.0138616421477719,0.00447022391973756,-1.1009265576957445,0.005827277706557819,Human Augmentation
9,0.021326801372389,0.004470217547375408,-1.0245981845656047,0.005220786894899375,Human Augmentation
9,-0.0218543550376684,0.0044702169947618215,-1.1182627736396724,0.005967517938255435,Human Augmentation
9,-0.0933938225277664,0.004470016998936858,-1.2734112183389956,0.007257944012149434,Human Augmentation
9,-0.0401538922768673,0.004470189468484584,-1.157952906754674,0.006291797866155945,Human Augmentation
9,0.1075737573294242,0.004469947877103264,-0.8374938273857716,0.0038222094975885095,Human Augmentation
9,0.1200402525417066,0.004469879052300538,-0.8104472099895502,0.0036319798213104537,Human Augmentation
12,-0.1775166473126017,0.004261614520503288,-1.4215354697432308,0.008402577558728344,Human Augmentation
12,0.0,0.0042377839500051225,-1.0426465366621256,0.004850115780317405,Human Augmentation
12,-0.0739332224256048,0.004214593936236483,-1.1955063455529207,0.006138405481149583,Human Augmentation
12,0.0457980298767311,0.004239721264109762,-0.9461389261608788,0.004086211568499667,Human Augmentation
17,0.7282883762415715,0.004202922401632311,0.49343029314042086,0.0009279727088330553,Human Augmentation
17,0.5981922941861044,0.004202252724171862,0.21978697251070917,0.0001307939892050235,Human Augmentation
17,0.4327386486734595,0.0042263540251672215,-0.12854428283409486,0.00014889122110956483,Human Augmentation
17,0.7231909669691821,0.0042077080748694875,0.48298386021279427,0.0008837069760083091,Human Augmentation
17,0.5386622944070669,0.004214865905761235,0.09473176661981282,8.10529495433645e-06,Human Augmentation
30,0.1098680114973445,0.004354473235930581,-0.8216936842898359,0.0033772952047356063,Human Augmentation
30,0.3128721496494533,0.004359465946707875,-0.38731539957468325,0.0009659143099374613,Human Augmentation
47,0.0440771940029253,0.004588203432510219,-0.9880365321836336,0.005830539163210466,Human Augmentation
47,0.1286684824578017,0.004588051213597665,-0.8021297591532233,0.004698632919508533,Human Augmentation
47,0.0727514403643196,0.004588168535501153,-0.925019964657292,0.00545743879458684,Human Augmentation
47,-0.0109810393791742,0.004588222414940043,-1.1090319696278301,0.006505045110895824,Human Augmentation
70,0.8473464087000794,0.004471044956068638,0.7671998156041154,0.0027055099538430445,Human Augmentation
70,1.1332068605863856,0.004458606399909874,1.385388707394682,0.01146684822074883,Human Augmentation
70,0.2243946275388868,0.004477083085263905,-0.5845702128069536,0.0022183702007470235,Human Augmentation
70,0.6042130482121703,0.004469869963022501,0.23973661155960807,9.404538929734592e-05,Human Augmentation
70,1.2310607230547606,0.004443699540980238,1.594696064459274,0.015815951287476763,Human Augmentation
70,1.858143012374136,0.004400317689897968,2.936426432651765,0.0666940460033584,Human Augmentation
70,0.2307267588240329,0.004486621730600347,-0.5714323444031868,0.0021840563897974874,Human Augmentation
70,0.8468004059739815,0.0044720037119267845,0.7660974927600503,0.0026967091164896632,Human Augmentation
76,1.5311277827483547,0.0035621110299313054,2.008790947526223,0.016001977043816788,Human Augmentation
76,1.1515390587664511,0.0036474750395233415,1.2889688358998106,0.006451573624452202,Human Augmentation
76,1.3957337178947562,0.0035948515210410255,1.7546370329281338,0.012155656847764727,Human Augmentation
5,-2.276143864860633,0.0037324119673231,-1.5510069447291803,0.00875173699631248,AI Augmentation
5,-1.7126375414342916,0.003733787546930162,-1.1902889941856085,0.005556153127900148,AI Augmentation
5,-1.5903125288194788,0.003733793179426017,-1.1119237441345364,0.004942150010691019,AI Augmentation
5,-2.03357868775992,0.003732946171824317,-1.3957389010209966,0.007292863516241248,AI Augmentation
5,-2.0301566055490707,0.003726535620736483,-1.3923497549342205,0.007264719273167357,AI Augmentation
5,-1.9492304838927337,0.0037270980869832083,-1.340656918073797,0.006779373816276042,AI Augmentation
5,-1.3980523190046077,0.0037285902817777695,-0.9880652604878676,0.0038904737505685476,AI Augmentation
5,-2.1392387350587727,0.0037263694964390906,-1.4621314572798139,0.007946010783694717,AI Augmentation
5,-1.3326274929610975,0.003731652020230601,-0.9465691912440128,0.0036653019387582688,AI Augmentation
5,-1.3149855015584926,0.0037316092863658216,-0.9352649331012921,0.0035863257003936715,AI Augmentation
5,-1.3800102447899063,0.0037315542890313668,-0.9769029223447768,0.0038747810069482895,AI Augmentation
5,-1.6316880849805464,0.0037308172475654868,-1.1379767602441564,0.0050711116023500705,AI Augmentation
6,0.8449103013992143,0.003723613364951379,0.4475630901630482,0.0007143038008245994,AI Augmentation
6,0.7566555480850713,0.0037236411202428476,0.3911022567027388,0.0005323958191155411,AI Augmentation
6,0.5936463712645718,0.0037242099865931444,0.28683623038773765,0.0002666978946762364,AI Augmentation
6,1.041458462168854,0.003723000959335144,0.5732605527316027,0.0012186365937577593,AI Augmentation
7,-1.414063728766521,0.003550953530263543,-0.9742446698450173,0.0034102357972615946,AI Augmentation
9,-2.11510739911307,0.003731950489098417,-1.44777031195115,0.007776332457090135,AI Augmentation
9,-2.229587427102448,0.0037316989564890237,-1.5210412972509066,0.008478033182287372,AI Augmentation
9,-0.8050353798713307,0.003733886282638058,-0.6088523339051645,0.0017436209847670773,AI Augmentation
9,-0.7742722412856768,0.003733910879812791,-0.5891459688769116,0.0016485212292829566,AI Augmentation
14,0.4952021598970137,0.0037110217518601897,0.2234533343006054,0.00016476719528838552,AI Augmentation
14,1.8227248731593928,0.0037044452136563515,1.0703688392217054,0.004429526571459143,AI Augmentation
14,1.9755994595476185,0.003701774466367209,1.1674994846932811,0.0052818379539008396,AI Augmentation
14,1.8797681424800103,0.0037025684770444997,1.1064886768822644,0.004732961482741623,AI Augmentation
20,-2.1270808662356004,0.0037254692367065653,-1.4541747117296928,0.007869128894268072,AI Augmentation
20,-2.4751208945770973,0.0037236772967793926,-1.6764906388307819,0.010242626606618328,AI Augmentation
20,-1.904381480329494,0.00372623726224077,-1.3117991628254073,0.006510401781400046,AI Augmentation
27,-0.7926138387174062,0.003715287524085084,-0.5993960957683675,0.0014503958932667064,AI Augmentation
27,-1.19485755977859,0.0037120294227554196,-0.8560740239489905,0.0028488973747844534,AI Augmentation
27,-0.787990991359778,0.0037063303395883473,-0.5957224541815478,0.001403833608604769,AI Augmentation
68,1.4027976434698854,0.003693942494755216,0.801268235866551,0.002420409640117585,AI Augmentation
69,-0.1718727182804819,0.0035320842250192407,-0.1976508498556774,0.00014342109275176457,AI Augmentation
69,1.1260196946257344,0.0035017196159299606,0.6084259906572445,0.0013046951278306163,AI Augmentation
69,0.1678808357913869,0.0035321177685895063,0.014047645727096403,4.525497183924787e-07,AI Augmentation
69,0.7182110563265283,0.0035200980758368417,0.3563489032612669,0.0004464474031037972,AI Augmentation
72,-0.5995373945344282,0.00371689389136535,-0.47611363741124735,0.0009424456831060205,AI Augmentation
72,-1.829097135867746,0.0037100048847870685,-1.2608626025467575,0.005984614908957776,AI Augmentation
72,-1.9984579817814263,0.0037085127815122223,-1.3687402235427144,0.007003488783998961,AI Augmentation
72,-2.831148807523686,0.0036992827535762243,-1.8980188839900916,0.013144317105051385,AI Augmentation
72,-3.7911923477912346,0.003684784281715238,-2.5052871663922933,0.02255289660189701,AI Augmentation
72,-0.09748575520885,0.0037177028765846033,-0.15522546201469806,0.00012216452397955537,AI Augmentation
74,1.5529312750352802,0.0037224492559732843,0.9003892617398757,0.003184497588065464,AI Augmentation
74,1.075520229029748,0.003724854867860968,0.5951984200558157,0.0013206528252213854,AI Augmentation
74,0.9806463061874852,0.003725229118436602,0.5345181496124031,0.0010467287396238767,AI Augmentation
84,-1.017770010956424,0.0033890306145417234,-0.7098966585088627,0.0017279779817614808,AI Augmentation
43,3.910773386714238,0.003699641026317132,2.401227615499071,0.02342725872722673,AI Augmentation
43,2.118059454329607,0.003714177393243664,1.2604790709974723,0.006325252896404075,AI Augmentation
43,2.57934783314161,0.0037112538908713063,1.5546088165151837,0.00973023064278247,AI Augmentation
43,4.2477187887117,0.0036959618896687135,2.6147973060458853,0.027757787361751166,AI Augmentation
43,1.5659258076855365,0.003716925907890124,0.9080269945205142,0.003203850654965451,AI Augmentation
43,2.493424201049119,0.0037118415932984377,1.4998479423989535,0.009041925715048613,AI Augmentation
43,3.7142802808708018,0.003701649353642683,2.27654118738227,0.02105844846404128,AI Augmentation
43,0.8794422259944991,0.0037191973251528483,0.46937682469625824,0.0007972667483439981,AI Augmentation
43,3.7915879120715177,0.0037008712956464983,2.325609359511986,0.021976507334184412,AI Augmentation
43,3.563736619702901,0.003703119389526226,2.180946045145102,0.019322946930361344,AI Augmentation
43,1.1400822759665228,0.0037184848086611578,0.6359653385734454,0.001518513702572872,AI Augmentation
43,2.65977062488599,0.0037106859519392184,1.605852145983406,0.010396627540550915,AI Augmentation
43,3.1803577917634374,0.0037065930214392633,1.9372575952665592,0.015220004858384182,AI Augmentation
43,0.8778984319488676,0.0037192009982600248,0.4683899766242138,0.0007936917014501232,AI Augmentation
43,2.476139044618134,0.0037119574372516824,1.488830232430902,0.00890642744149343,AI Augmentation
1,-2.251842941394329,0.003713388175841992,-1.5315237025539474,0.008689688877981787,AI Augmentation
1,-2.459518070815934,0.003712068076642999,-1.6639085698003628,0.010178677037142722,AI Augmentation
1,-2.5664752865193994,0.0037113431927346422,-1.7320607340912786,0.010990163580087888,AI Augmentation
1,-3.090583971939549,0.0037073502210845234,-2.0657020242371016,0.015406816861471228,AI Augmentation
1,-2.614741120883654,0.00371100607333646,-1.762808533419043,0.011366306197528115,AI Augmentation
1,-3.4748125880154705,0.003703959672707834,-2.3099236067204783,0.019111610881428348,AI Augmentation
1,-1.8905677912775365,0.003715409135549175,-1.3010640162620188,0.006371628766175,AI Augmentation
1,-1.3856547317233268,0.0037176455589783765,-0.9786888529587076,0.0037129860595269825,AI Augmentation
1,-1.6333130218694325,0.0037166344020075474,-1.1368502722334035,0.004932007265085619,AI Augmentation
1,-1.1806815172498135,0.0037183572953862973,-0.8477404543049918,0.002829208906463799,AI Augmentation
1,-1.096309892705373,0.0037186172992604164,-0.7938283149529041,0.002498728552975219,AI Augmentation
1,-0.7789729918304483,0.0037194229259148084,-0.5910075672708284,0.0014326081715988837,AI Augmentation
1,-2.443245276374985,0.0037121756827536594,-1.6535379256664389,0.010057875975069118,AI Augmentation
1,-2.3948793270684834,0.0037124913286492984,-1.6227116348570916,0.009702977212737642,AI Augmentation
1,-2.400966142776062,0.0037124519490734273,-1.6265913187559664,0.009747299742023643,AI Augmentation
1,-2.104507280331929,0.003714254662942951,-1.4375607239455246,0.007702598333902392,AI Augmentation
3,0.6845019832596809,0.003655213929345228,0.3417566844560156,0.0004206221836793416,AI Augmentation
3,0.0,0.0036573450839346828,-0.09214974817119914,3.639008547202628e-05,AI Augmentation
3,-0.3305916857626734,0.00365684775529926,-0.30173971320716353,0.000352878315535912,AI Augmentation
3,-0.6158668129401093,0.003655619693665699,-0.4825240523014444,0.0008846326162233143,AI Augmentation
3,1.7909404962213364,0.0036428055316736116,1.041313672152966,0.0040299624940772,AI Augmentation
3,0.612463449058559,0.0036556387015860897,0.296111421815049,0.00031364072448938695,AI Augmentation
6,2.8859575726458204,0.0037112133571435327,1.7504315824525987,0.012469276168822681,AI Augmentation
6,1.9667608033918405,0.0037165154130736093,1.1641724726921947,0.005387568109223421,AI Augmentation
6,1.2881840470828407,0.003720323684984658,0.7308310161911407,0.0020395103605844725,AI Augmentation
6,2.080299819761498,0.003717744193967323,1.236945915797198,0.00613999275841198,AI Augmentation
6,2.3562448370250437,0.0037148969462261496,1.4128053465462758,0.008046769630261782,AI Augmentation
6,3.456841316757503,0.0037058935140999168,2.113537855703269,0.01822457473182753,AI Augmentation
6,2.115551502697368,0.003715992513426549,1.2591841751144988,0.006341608195070423,AI Augmentation
6,2.903645546632883,0.0037111315865683684,1.7617094606962012,0.012635081381401712,AI Augmentation
8,0.1278685526749744,0.0037359148331241473,-0.011193477192843509,3.547741747235155e-05,AI Augmentation
8,0.0303876887834638,0.00373592358909116,-0.07366132649393708,0.0001010621259619802,AI Augmentation
8,0.5705144072190695,0.0037357393834678418,0.27245678551198577,0.0001772997832224379,AI Augmentation
8,0.3977415310493488,0.0037256340140388437,0.1615240268384035,6.711025133968608e-05,AI Augmentation
10,3.0674880219289293,0.0036344187340002078,1.8469638450050099,0.012819249970649139,AI Augmentation
10,1.9546319084310464,0.003661392524868684,1.1478122540831661,0.004950926965245598,AI Augmentation
10,5.21932755364222,0.003550952274736141,3.1700072976108786,0.0368598279458078,AI Augmentation
10,2.3485782406423463,0.0036531685787069396,1.3961600761261883,0.007337566862031406,AI Augmentation
10,1.42389920320153,0.003670131617455945,0.812084339688016,0.0024604908502406844,AI Augmentation
10,2.3992707436185494,0.003652003980209655,1.4280554398691938,0.007677103867323198,AI Augmentation
15,-2.293528601715002,0.00361120397602562,-1.5365680333663907,0.008568277845849213,AI Augmentation
15,-0.6646320744021443,0.0036497468553237386,-0.5130236093508072,0.000994513524629926,AI Augmentation
16,0.6023922684000349,0.003718710552423037,0.2922160036590347,0.0002870592147309846,AI Augmentation
16,1.0921206774601355,0.003716450725658492,0.6051367519229969,0.0013668024634410903,AI Augmentation
23,-3.694115798509209,0.0037142309433118733,-2.453249776344481,0.02112152606033759,AI Augmentation
23,-3.775081457671517,0.003715696100196176,-2.505477483786369,0.021892464157267255,AI Augmentation
23,-3.701220148041094,0.0037143832944910213,-2.457839566392764,0.021188497619772862,AI Augmentation
23,1.512238156336025,0.003723318468425762,0.8744613815313506,0.0029997377527181406,AI Augmentation
23,0.6903011559808959,0.003725704892932572,0.34874749314049686,0.00040911280965188866,AI Augmentation
23,1.255851272801133,0.0037244688605995594,0.7105502985943806,0.001931203144684875,AI Augmentation
23,12.698051758322558,0.003613120054961671,7.91073785781594,0.24919420115410496,AI Augmentation
23,17.18407913262128,0.0035240108371624363,10.604599598376598,0.42758587490654,AI Augmentation
23,16.107026972887557,0.003548765369801976,9.969092911441217,0.3824346768958579,AI Augmentation
24,0.7286321745869236,0.0035573032449540565,0.3647436195820083,0.0004721929146439585,AI Augmentation
24,0.8247354884095867,0.003554548115942056,0.42467387114540256,0.0006415247755615278,AI Augmentation
38,-0.0561224088672522,0.003545997591984274,-0.12577450917843758,5.945886112667345e-05,AI Augmentation
38,-0.4597420975664085,0.0035411602617748915,-0.3775046413445676,0.0005173859583100989,AI Augmentation
51,-0.4684624923764314,0.003718645938983112,-0.3924246726386045,0.0006612570900527845,AI Augmentation
51,-0.3905605535339329,0.003740631786985053,-0.34363034812721527,0.0017487787870302139,AI Augmentation
4,14.051654993124933,0.00236594405049731,7.091735422499746,0.12033852452962546,AI Augmentation
4,7.805205840647384,0.0031089440460699545,4.477812930432329,0.06337989097749454,AI Augmentation
75,-2.3952387121209515,0.003730446317890111,-1.6268610531707395,0.0095692771781932,AI Augmentation
75,-2.5949990910229,0.003727859360446559,-1.7541693816209525,0.011027181511932351,AI Augmentation
75,-1.9945623989292869,0.003729290019154518,-1.3700749500085172,0.007058188024613773,AI Augmentation
75,-1.7161623878625727,0.0037254136132269223,-1.1912091055541947,0.005442725262406809,AI Augmentation
81,0.129993627763345,0.002653419946520647,-0.008285762170195136,2.1305297826946682e-07,AI Augmentation
67,-0.3450561212455734,0.0037313263513590405,-0.3140603907468452,0.0005220588447827018,AI Augmentation
67,0.0146294083698785,0.003704294357478257,-0.083404253797427,3.679471948299634e-05,AI Augmentation
67,-2.028247299407526,0.003531193664735835,-1.3541761157763705,0.006522537854802184,AI Augmentation
67,-0.4314308228373211,0.003671893498974333,-0.36642355102347457,0.0005225848239781323,AI Augmentation
67,-0.4810370569393627,0.00372118371511333,-0.40060069386084846,0.000698236544208818,AI Augmentation
2,1.804824706084161,0.003471388026549362,1.0250947119942135,0.0036898105587849076,AI Augmentation
2,-0.2936322888973147,0.003548484276068165,-0.2741527781925844,0.00027545361750871993,AI Augmentation
11,-1.358809739190454,0.0037074229818644176,-0.9602052493387045,0.003533715899158951,AI Augmentation
11,-1.6508243933910831,0.0037052998001844426,-1.146291001764352,0.00496763752989494,AI Augmentation
22,-0.0560417500445055,0.0035459978024573783,-0.12572415598513187,5.941239290260429e-05,AI Augmentation
25,0.544864864864865,0.003551260209835845,0.24961895113204907,0.00021894112260778523,AI Augmentation
25,0.3731181026825044,0.0035547119380664855,0.14238360421678342,6.987704815133373e-05,AI Augmentation
26,-0.8002995587517141,0.003482160679619641,-0.5850409700286854,0.0012105330484015104,AI Augmentation
26,0.2148172499807235,0.003498902666281003,0.04308954496339944,5.850395150942448e-06,AI Augmentation
26,6.500210860527812,0.0026083271286008506,3.4027193891747523,0.030499407237328975,AI Augmentation
28,-1.3046265380939932,0.0037256636940677544,-0.9278904295734888,0.003424362685962431,AI Augmentation
28,-1.4331695681468462,0.0037250557128668932,-1.0100679576535088,0.004002442127838249,AI Augmentation
28,-1.4816385729655654,0.0037248116985737724,-1.0410486301908208,0.004231507869265981,AI Augmentation
28,-1.354298569579781,0.0037254355008041334,-0.9596482082446965,0.0036426812806697973,AI Augmentation
28,-1.227070317915102,0.003726002990489927,-0.8782990162443902,0.0030962529679498503,AI Augmentation
28,-1.5731047578763997,0.003724329204737719,-1.099503678498377,0.004680343287543154,AI Augmentation
28,-1.3582839141684475,0.0037254168239018947,-0.9621961035619763,0.003660474158533873,AI Augmentation
28,-1.2674029077879223,0.0037258291282846593,-0.9040895748223731,0.0032649408963656363,AI Augmentation
29,-1.412818126209333,0.003661270845723935,-0.9884721379816971,0.0036412601908891434,AI Augmentation
29,-0.9276165551445138,0.0036608461323134334,-0.6806272622920402,0.0017458166266978625,AI Augmentation
31,2.0023678925561974,0.0032024208693768406,1.101784545655044,0.003922626847496557,AI Augmentation
31,2.358447171371042,0.00315425961982712,1.3031369445075738,0.005407298193968558,AI Augmentation
31,-2.803315049578685,0.0030856352145898426,-1.7172509535266036,0.009145161457891533,AI Augmentation
31,0.0,0.003333858854808102,-0.08798016812146556,2.692770732326726e-05,AI Augmentation
31,0.5018990458449288,0.0034621070660772225,0.21996051528599814,0.00016619495285703556,AI Augmentation
31,1.06358108053011,0.003435742746760309,0.5642961010248334,0.0011003071530353505,AI Augmentation
31,1.5056971375347812,0.003402272837277912,0.831911062429645,0.002375485319119396,AI Augmentation
31,3.188535114779542,0.003186402026210661,1.8010209322133264,0.010453816057661273,AI Augmentation
31,-0.9062996486526144,0.0036419078690128684,-0.6653771173893569,0.0016540756317625503,AI Augmentation
31,-0.3270083493852979,0.0036314513314616194,-0.2984261677806813,0.00033902888869739894,AI Augmentation
31,-0.3884141351368338,0.003648846511822054,-0.3380289244077481,0.0004379159714881594,AI Augmentation
31,-0.2042883620878951,0.003632183171207971,-0.22091418777699257,0.00018829612609132584,AI Augmentation
31,2.807413365424757,0.0035704176129518215,1.667701381180101,0.010149022675144734,AI Augmentation
31,1.9620500963117968,0.0035899303537444594,1.141215622323057,0.00475561678133137,AI Augmentation
31,2.5914584911613145,0.0035820293349914122,1.5349027988351762,0.008621580492422303,AI Augmentation
31,1.9620500963117968,0.0035899303537444594,1.141215622323057,0.00475561678133137,AI Augmentation
34,2.2256475735707744,0.0035517635220158688,1.2998358651288509,0.0061021667902275934,AI Augmentation
34,-0.3245736044790704,0.0036208315451017113,-0.29645347482456075,0.00033252409587587387,AI Augmentation
40,3.1560712070049046,0.002964786241383784,1.7187288272097312,0.008840287966760164,AI Augmentation
40,-0.8102848652039804,0.003322447974042644,-0.5775010798896726,0.0011216496045227846,AI Augmentation
40,1.0253914786789884,0.003305524512726068,0.5304792035800335,0.0009351338521380593,AI Augmentation
40,4.98510280736516,0.0025290704432363777,2.5517786781839042,0.016607682256516654,AI Augmentation
40,-1.4958447793878358,0.003255709884692649,-0.9817871900921804,0.003164504786879665,AI Augmentation
40,1.6441881391042776,0.0032365553416891517,0.8940018621613873,0.0026079771939945848,AI Augmentation
41,-1.7696521394545883,0.0036313213394205744,-1.2098639074758277,0.005370529886528702,AI Augmentation
41,-0.2171470350854974,0.003704255559664581,-0.23130030666380702,0.0002300502618734533,AI Augmentation
42,-1.6691949733287963,0.0037122379745215084,-1.159098600780844,0.0050988241668161365,AI Augmentation
42,-1.3112520102811769,0.0037184097915902116,-0.9312224653500476,0.0033825683839857523,AI Augmentation
44,0.9733882812712364,0.003253949102449141,0.4952235144701548,0.0008018991877242858,AI Augmentation
44,1.298586382666733,0.003219247028923819,0.6860233143088068,0.0015252717207121192,AI Augmentation
48,1.280181329126571,0.003454394555677849,0.6992955444874142,0.0017023760344693378,AI Augmentation
49,6.408409028454953,0.00355572984673318,3.915524610356661,0.05666980922019479,AI Augmentation
52,-2.3997986014659065,0.0031162823082219464,-1.4895917088156831,0.006954647516339717,AI Augmentation
52,-1.5413486092222055,0.0032500031114159654,-1.0081237840501507,0.0033301256862962912,AI Augmentation
52,-0.92044392613228,0.0033142551407361674,-0.6432778384086,0.0013871167325265367,AI Augmentation
53,-3.0178272184010475,0.0034946500712685425,-1.9604760669696761,0.013467448463268462,AI Augmentation
53,3.775652133736129,0.0034263618408478993,2.227917802747912,0.017312149248735392,AI Augmentation
54,0.8360529018281199,0.0033206214786565833,0.41729953047203505,0.0005802340730491,AI Augmentation
54,0.267036855019104,0.0033478523654248923,0.07382696652062148,1.765898610803855e-05,AI Augmentation
54,0.1488640127839393,0.0033500034615061625,0.0021408974741316117,1.171871987665044e-09,AI Augmentation
55,-1.4257866626192528,0.003464776705527902,-0.9695848217586924,0.003290633276548997,AI Augmentation
55,-0.6859371432640022,0.003505284072413192,-0.515992559236997,0.0009501650818855345,AI Augmentation
55,-1.8412784821204573,0.003430334808477997,-1.2198879580392907,0.00514506865986402,AI Augmentation
57,-1.7107509777189074,0.003494657800022732,-1.1503731669016035,0.004665937153768316,AI Augmentation
57,4.334795542037642,0.0031881273677314375,2.480069992040261,0.01987262075393218,AI Augmentation
57,2.316628437220116,0.0034437285347020856,1.3358905672124597,0.006227816922705034,AI Augmentation
57,0.3098479815997061,0.0035556591536692675,0.10284798867049,3.58238879848456e-05,AI Augmentation
58,-0.0869530795435516,0.0033506429854215573,-0.1409713621108048,6.866431614987479e-05,AI Augmentation
58,0.2603242238080676,0.003348007209392987,0.06975652086974694,1.5726394714863586e-05,AI Augmentation
58,-0.6647122801395982,0.0033317235025200464,-0.49021145980844677,0.0008115485046165764,AI Augmentation
58,0.6518244918918327,0.0034419476155777957,0.3115371523697287,0.00033366285288646667,AI Augmentation
58,0.8115810036678017,0.003434294115413364,0.409346268058546,0.0005768543719331242,AI Augmentation
58,0.2536625032630328,0.0034538173428181698,0.06674560453087564,1.4603224603470524e-05,AI Augmentation
60,-1.7099958672101667,0.0034619177752561983,-1.1445059895779726,0.004574104069068332,AI Augmentation
60,0.8096377765103133,0.0035166700726366063,0.4130183563440605,0.0006006330930682338,AI Augmentation
60,-2.1889747349994373,0.0034181080876307633,-1.4308353346789542,0.007043106396250998,AI Augmentation
60,-1.9545272041377584,0.003440757365088928,-1.2913861374054791,0.005780760287878133,AI Augmentation
60,-0.1097706386099212,0.0035325168606189904,-0.15896514624795804,9.34450432817692e-05,AI Augmentation
61,0.1710508585262408,0.003599724898882443,0.016175495045683188,5.356751679519755e-07,AI Augmentation
61,0.5600471128001023,0.0035948672187390276,0.26069052298559287,0.00024088493868410762,AI Augmentation
61,-1.6188223114513904,0.0035559422503829846,-1.1029428145072542,0.004370096358083316,AI Augmentation
61,1.680141338400302,0.003552569177085951,0.9590973371226356,0.003309609179274413,AI Augmentation
61,-1.969345995010196,0.0035350733745255053,-1.3182032450892387,0.006189640831980939,AI Augmentation
62,0.2816564115145448,0.0037322601638054786,0.0873142390016379,5.1490038591451025e-06,AI Augmentation
62,-0.2849840945944432,0.00373225777973478,-0.2756230299930291,0.0004323757050123841,AI Augmentation
62,0.112810558616291,0.0037323108028508465,-0.02083289664638017,2.2370713071464303e-05,AI Augmentation
62,-0.7851198829210654,0.0037315451336518528,-0.5959066301971816,0.001602968073315406,AI Augmentation
63,0.8756634504801332,0.0036909411640815436,0.4651835094146725,0.0007914054610282612,AI Augmentation
63,0.9100602931155,0.003486354037142807,0.4734005458081376,0.0007841161032982632,AI Augmentation
64,5.138046135194089,0.0025936699165449006,2.6658260623083136,0.018596667870033872,AI Augmentation
64,-2.413506684273905,0.0031769584064421322,-1.5121241346332974,0.007306247193530133,AI Augmentation
64,2.768443529262037,0.0031143473960402904,1.5347503080615679,0.007408704006058473,AI Augmentation
65,-3.061504238595657,0.003119698037368194,-1.8778967037851964,0.011051735550411997,AI Augmentation
65,-1.3740579015072825,0.0033606449476556942,-0.9234636052118579,0.0028931481545812136,AI Augmentation
68,0.3181274049508187,0.0037037744492354157,0.11025101701732301,3.5206964430102356e-05,AI Augmentation
77,0.9218577295469071,0.0035699274622488504,0.4864312106840238,0.0008470214893345897,AI Augmentation
78,0.4551491924878931,0.003512205406195083,0.19249879631845873,0.0001282979455008384,AI Augmentation
78,-0.8623879436612711,0.003498132520558575,-0.6248816765089193,0.0013871086705785909,AI Augmentation
78,1.7555754567390138,0.0034380960017102577,0.989891455899273,0.0034048168862724298,AI Augmentation
79,0.1959585835090979,0.0036878407358986926,0.03223063283775838,1.8080284455165824e-06,AI Augmentation
79,0.2328394799048822,0.003650296031273182,0.055427803667498825,9.007011237139215e-06,AI Augmentation
80,-0.6185851177800868,0.0036733280564553343,-0.48541864274292523,0.0009064800572690315,AI Augmentation
80,-0.467375422322732,0.003674658567070182,-0.3894059159059631,0.0005900101178036785,AI Augmentation
39,-0.6737006908586275,0.003651253464943487,-0.518874619605514,0.001017837154263166,AI Augmentation
39,0.0593792066091458,0.003656002090485936,-0.054490566071313425,1.3902894991939672e-05,AI Augmentation
39,0.0334598313708321,0.0035933414115681527,-0.07031124201778663,2.0051138605290966e-05,AI Augmentation
39,0.0987779684730272,0.0035931868098592625,-0.029259859147179663,4.003044308713581e-06,AI Augmentation
46,-1.5855120459010643,0.003692824803761168,-1.1027482694853938,0.004576206912988206,AI Augmentation
46,-0.9638358655495668,0.0036987284478286263,-0.7072340371595336,0.0019356220260049412,AI Augmentation
46,-1.4631001838840887,0.0036942132275088278,-1.0249505292374648,0.003970849631783146,AI Augmentation
83,0.0,0.003288363348122023,-0.08737779528557517,2.611466094965978e-05,AI Augmentation
84,-1.017770010956424,0.0033890306145417234,-0.7098966585088627,0.0017279779817615292,AI Augmentation
9,-1.6174247797700327,0.00373289021228593,-1.1291563433988145,0.005047909567994134,AI Augmentation
9,-1.3874803321284688,0.0037332398736284384,-0.9819088094933628,0.003964250301458559,AI Augmentation
9,0.2916138813147407,0.0037341713581736805,0.09371605626199841,3.979264657209467e-06,AI Augmentation
9,0.1589295653165336,0.003734201628081083,0.008709067498251458,1.2875076983098244e-05,AI Augmentation
9,-1.278104895902194,0.003733387432099298,-0.9118618749724117,0.0034887953426456808,AI Augmentation
9,-1.137875995810863,0.003733558914640445,-0.8220495622908276,0.00291782932169367,AI Augmentation
9,0.0,0.00373421441804221,-0.09311310490372313,0.00010347740123182561,AI Augmentation
9,0.0434233785017827,0.0037342134632509603,-0.06529282679781176,7.030455436757848e-05,AI Augmentation
12,0.2544477208286032,0.0037252048425125335,0.06982078814833644,5.781679076949114e-06,AI Augmentation
12,0.8668099017124199,0.0037222394071746664,0.46148852042191857,0.0007654024737792284,AI Augmentation
12,0.5740315742370352,0.0037209102575437923,0.27416482826776273,0.000246592992911731,AI Augmentation
12,0.9145703306871916,0.003722295221262218,0.4920420164214899,0.0008785607560947449,AI Augmentation
17,-1.0282781893388,0.0037230206359591773,-0.7507773451544026,0.0022814769932302096,AI Augmentation
17,-1.4015500466638766,0.0037214478766926552,-0.9893555213843201,0.0038167542036705014,AI Augmentation
17,-1.3639777163248916,0.0037228028102344866,-0.9655007703205735,0.003656705602782711,AI Augmentation
17,-1.1447958108707788,0.003723136014219112,-0.8253280816593676,0.002726321161325012,AI Augmentation
17,-1.176235356102572,0.003722722191429621,-0.8453937227850096,0.0028481416322734356,AI Augmentation
30,-0.2047828025166584,0.0037249839953481002,-0.22403490664865805,0.00025530796557638407,AI Augmentation
30,-0.1880233961795052,0.003725250175481099,-0.21331847526084927,0.00023559433185061653,AI Augmentation
47,-0.6579945479701629,0.003736409348189813,-0.5148249500323182,0.001446614838503718,AI Augmentation
47,-0.8218915512728504,0.003736234365687157,-0.6198459913387184,0.001939506277079873,AI Augmentation
47,-1.6139552866464029,0.0037348430575231666,-1.1272286570495376,0.005098867296956888,AI Augmentation
47,1.396814974493304,0.0037353143867295832,0.8019093050192481,0.0026597611900078207,AI Augmentation
70,0.6869158672031374,0.003733790272234636,0.3469569606966871,0.0003649337750351912,AI Augmentation
70,-0.7772544196691423,0.0037337132334054044,-0.5910408547859194,0.0016494982770840156,AI Augmentation
70,-0.6517292021541685,0.003733182593065121,-0.5105891058063949,0.0012640308820709065,AI Augmentation
70,-1.6031429673059308,0.0037319165745866335,-1.1198618932194548,0.00495073697222132,AI Augmentation
70,1.4772473828749844,0.0037321453683907377,0.8530858144042769,0.002960037669214806,AI Augmentation
70,0.8412308896525743,0.0037330155848462093,0.4457708596795108,0.0006756333713832918,AI Augmentation
70,-0.7749794810322365,0.0037337796358339784,-0.5895886991737072,0.001645199503567866,AI Augmentation
70,-1.0674968483447642,0.0037334662287604884,-0.7769537208627807,0.0026404031036906805,AI Augmentation
76,-1.7507145386290743,0.0036409111000657137,-1.1994800752046162,0.005295456559924075,AI Augmentation
76,-1.867428841204344,0.003637143045500732,-1.2726568536795642,0.005945699365920748,AI Augmentation
76,-1.867428841204344,0.003637143045500732,-1.2726568536795642,0.005945699365920748,AI Augmentation
